{
  "model": "YOLOv26s-Pose",
  "dataset": "Cow Pose Estimation (Kaggle: sanku758)",
  "num_keypoints": 26,
  "augmentation": "\u00d78 on train split",
  "validation_metrics": {
    "mAP50 (pose)": 0.0172,
    "mAP50-95 (pose)": 0.0052,
    "mAP50 (box)": 0.7238,
    "mAP50-95 (box)": 0.3898,
    "Precision (box)": 0.848,
    "Recall (box)": 0.6976,
    "F1 (box)": 0.7654
  },
  "bytetrack": {
    "tracker": "ByteTrack",
    "total_frames": 38996,
    "unique_ids": 285,
    "avg_tracks_per_frame": 0.8445481587855165,
    "max_tracks_per_frame": 5,
    "id_switches_est": 1633,
    "track_continuity": 0.0029633268729316368,
    "mean_box_conf": 0.3258309010467855
  },
  "botsort": {
    "tracker": "BoT-SORT",
    "total_frames": 38996,
    "unique_ids": 407,
    "avg_tracks_per_frame": 0.8724484562519232,
    "max_tracks_per_frame": 5,
    "id_switches_est": 1789,
    "track_continuity": 0.002143608000618976,
    "mean_box_conf": 0.457284422169903
  },
  "keypoint_stats": {
    "Mean_Conf": {
      "L_Eye": 0.44200000166893005,
      "R_Eye": 0.4830000102519989,
      "Chin": 0.5171999931335449,
      "R_F_Hoof": 0.5483999848365784,
      "L_F_Hoof": 0.5565999746322632,
      "R_B_Hoof": 0.5522000193595886,
      "L_B_Hoof": 0.5478000044822693,
      "Tail_Base": 0.5444999933242798,
      "R_Shoulder": 0.590499997138977,
      "L_Shoulder": 0.6025000214576721,
      "R_Hip": 0.5746999979019165,
      "L_Hip": 0.5843999981880188,
      "Spine_Mid": 0.525600016117096,
      "Withers": 0.5849000215530396,
      "R_F_Knee": 0.5813999772071838,
      "L_F_Knee": 0.6047000288963318,
      "R_B_Knee": 0.597100019454956,
      "L_B_Knee": 0.5734000205993652,
      "Throat": 0.44510000944137573,
      "Tail_Tip": 0.5085999965667725,
      "L_EarBase": 0.4300999939441681,
      "R_EarBase": 0.43479999899864197,
      "Mouth_Corner": 0.4262999892234802,
      "Nose_Tip": 0.45159998536109924,
      "Nose_Bridge": 0.5084999799728394,
      "Tail_Mid": 0.5149999856948853
    },
    "Std_Conf": {
      "L_Eye": 0.05290000140666962,
      "R_Eye": 0.07519999891519547,
      "Chin": 0.05700000002980232,
      "R_F_Hoof": 0.05730000138282776,
      "L_F_Hoof": 0.04989999905228615,
      "R_B_Hoof": 0.0737999975681305,
      "L_B_Hoof": 0.04749999940395355,
      "Tail_Base": 0.08510000258684158,
      "R_Shoulder": 0.09769999980926514,
      "L_Shoulder": 0.10080000013113022,
      "R_Hip": 0.09449999779462814,
      "L_Hip": 0.07909999787807465,
      "Spine_Mid": 0.09520000219345093,
      "Withers": 0.09880000352859497,
      "R_F_Knee": 0.06549999862909317,
      "L_F_Knee": 0.09049999713897705,
      "R_B_Knee": 0.0877000018954277,
      "L_B_Knee": 0.08829999715089798,
      "Throat": 0.08789999783039093,
      "Tail_Tip": 0.07680000364780426,
      "L_EarBase": 0.04639999940991402,
      "R_EarBase": 0.0608999989926815,
      "Mouth_Corner": 0.06289999932050705,
      "Nose_Tip": 0.07209999859333038,
      "Nose_Bridge": 0.05119999870657921,
      "Tail_Mid": 0.04809999838471413
    },
    "Pct_High_Conf": {
      "L_Eye": 12.5,
      "R_Eye": 41.67,
      "Chin": 58.33,
      "R_F_Hoof": 83.33,
      "L_F_Hoof": 79.17,
      "R_B_Hoof": 75.0,
      "L_B_Hoof": 83.33,
      "Tail_Base": 66.67,
      "R_Shoulder": 87.5,
      "L_Shoulder": 83.33,
      "R_Hip": 79.17,
      "L_Hip": 83.33,
      "Spine_Mid": 62.5,
      "Withers": 75.0,
      "R_F_Knee": 83.33,
      "L_F_Knee": 83.33,
      "R_B_Knee": 83.33,
      "L_B_Knee": 83.33,
      "Throat": 25.0,
      "Tail_Tip": 54.17,
      "L_EarBase": 4.17,
      "R_EarBase": 16.67,
      "Mouth_Corner": 12.5,
      "Nose_Tip": 20.83,
      "Nose_Bridge": 58.33,
      "Tail_Mid": 70.83
    }
  }
}